210X24,210X204,210X205,210X213,210X215
20170725030628,20170725031229,20170725030712,20170725031228.0,20170725030740.0
20170725030849,20170725031537,20170725031021,20170725031537.0,20170725031049.0
20170725031113,20170725031807,20170725031250,20170725031806.0,20170725031318.0
20170723105612,20170723110319,20170723105803,20170723110319.0,20170723105831.0
20170723111008,20170723111759,20170723111243,20170723111758.0,20170723111311.0
20170723115220,20170723120156,20170723115640,20170723120156.0,20170723115708.0
20170723121001,20170723121652,20170723121136,20170723121651.0,20170723121204.0
20170723093642,20170723094341,20170723093825,20170723094340.0,20170723093853.0
20170723094350,20170723095105,20170723094549,20170723095104.0,20170723094617.0
20170723095328,20170723100201,20170723095646,20170723100201.0,20170723095713.0
20170723100315,20170723101124,20170723100608,20170723101123.0,20170723100635.0
20170723221241,20170723221828,20170723221311,20170723221828.0,20170723221339.0
20170723221954,20170723222542,20170723222025,20170723222541.0,20170723222053.0
20170723222656,20170723223244,20170723222727,20170723223244.0,20170723222755.0
20170724174756,20170724175519,20170724175003,20170724175519.0,20170724175031.0
20170724175020,20170724175754,20170724175239,20170724175754.0,20170724175306.0
20170724175242,20170724180012,20170724175455,20170724180011.0,20170724175523.0
20170724175517,20170724180239,20170724175723,20170724180238.0,20170724175750.0
20170724175740,20170724180515,20170724180000,20170724180515.0,20170724180027.0
20170724180000,20170724180737,20170724180220,20170724180736.0,20170724180248.0
20170724180239,20170724180959,20170724180443,20170724180958.0,20170724180510.0
20170724180502,20170724181236,20170724180720,20170724181236.0,20170724180748.0
20170724180725,20170724181500,20170724180944,20170724181500.0,20170724181012.0
20170724180959,20170724181719,20170724181203,20170724181718.0,20170724181230.0
20170723024502,20170723025101,20170723024546,20170723025101.0,20170723024614.0
20170723034702,20170723035349,20170723034833,20170723035349.0,20170723034900.0
20170724185100,20170724185742,20170724185226,20170724185741.0,20170724185254.0
20170722215642,20170722220357,20170722215840,20170722220356.0,20170722215908.0
20170722225731,20170722230510,20170722225954,20170722230510.0,20170722230022.0
20170723012227,20170723012958,20170723012441,20170723012957.0,20170723012509.0
20170723022412,20170723023144,20170723022628,20170723023143.0,20170723022655.0
20170726074647,20170726075247,20170726074731,20170726075247.0,20170726074759.0
20170726075015,20170726075704,20170726075148,20170726075704.0,20170726075216.0
20170726075344,20170726075943,20170726075428,20170726075943.0,20170726075455.0
20170724105907,20170724110455,20170724105938,20170724110455.0,20170724110006.0
20170724110611,20170724111158,20170724110641,20170724111158.0,20170724110709.0
20170724111313,20170724111901,20170724111344,20170724111900.0,20170724111412.0
20170725190046,20170725190644,20170725190128,20170725190644.0,20170725190156.0
20170725190709,20170725191336,20170725190820,20170725191335.0,20170725190847.0
20170724153939,20170724154653,20170724154137,20170724154652.0,20170724154205.0
20170724164146,20170724164919,20170724164403,20170724164919.0,20170724164431.0
20170725121403,20170725122122,20170725121606,20170725122122.0,20170725121634.0
20170723061903,20170723062503,20170723061947,20170723062503.0,20170723062015.0
20170723121718,20170723122510,20170723121954,20170723122509.0,20170723122022.0
20170725132616,20170725133215,20170725132700,20170725133215.0,20170725132727.0
20170723134418,20170723135427,20170723134911,20170723135427.0,20170723134939.0
20170726061133,20170726061722,20170726061205,20170726061721.0,20170726061233.0
20170726061835,20170726062424,20170726061907,20170726062424.0,20170726061935.0
20170726062537,20170726063127,20170726062609,20170726063126.0,20170726062638.0
20170723162925,20170723163513,20170723162956,20170723163513.0,20170723163024.0
20170724040256,20170724040844,20170724040327,20170724040844.0,20170724040355.0
20170723191220,20170723191808,20170723191251,20170723191808.0,20170723191319.0
20170724064832,20170724065457,20170724064941,20170724065457.0,20170724065008.0
20170724222351,20170724222940,20170724222424,20170724222940.0,20170724222452.0
20170726183822,20170726184722,20170726184206,20170726184722.0,20170726184234.0
20170726200629,20170726201648,20170726201133,20170726201648.0,20170726201200.0
20170726133622,20170726134614,20170726134058,20170726134614.0,20170726134126.0
20170726133951,20170726134746,20170726134230,20170726134745.0,20170726134257.0
20170726134321,20170726135336,20170726134820,20170726135335.0,20170726134847.0
20170729151642,20170729152243,20170729151728,20170729152243.0,20170729151755.0
20170729155041,20170729155640,20170729155124,20170729155639.0,20170729155152.0
20170729160836,20170729161436,20170729160920,20170729161435.0,20170729160947.0
20170724180351,20170724180938,20170724180421,20170724180938.0,20170724180449.0
20170724133248,20170724134016,20170724133500,20170724134016.0,20170724133528.0
20170724133457,20170724134211,20170724133655,20170724134211.0,20170724133723.0
20170724133758,20170724134512,20170724133956,20170724134511.0,20170724134024.0
20170723122041,20170723122903,20170723122348,20170723122903.0,20170723122415.0
20170724065612,20170724070159,20170724065643,20170724070159.0,20170724065711.0
20170724081307,20170724081931,20170724081413,20170724081930.0,20170724081442.0
20170724081913,20170724082541,20170724082024,20170724082541.0,20170724082052.0
20170724093646,20170724094313,20170724093756,20170724094312.0,20170724093824.0
20170727111913,20170727112510,20170727111956,20170727112510.0,20170727112023.0
20166616661666,20170722191547,20170722191031,20170722191547.0,20170722191059.0
20170724143636,20170724144351,20170724143835,20170724144351.0,20170724143903.0
20170724153716,20170724154531,20170724154015,20170724154530.0,20170724154042.0
20170724134006,20170724134738,20170724134221,20170724134737.0,20170724134249.0
20170724135958,20170724140711,20170724140156,20170724140711.0,20170724140223.0
20170724140422,20170724141147,20170724140632,20170724141147.0,20170724140659.0
20170724142904,20170724143631,20170724143115,20170724143630.0,20170724143142.0
20170724143401,20170724144124,20170724143608,20170724144124.0,20170724143636.0
20170718095207,20170718095837,20170718095321,20170718095837.0,20170718095349.0
20170725074421,20170725075053,20170725074538,20170725075053.0,20170725074605.0
20170725074629,20170725075321,20170725074805,20170725075321.0,20170725074833.0
20170725074838,20170725075603,20170725075047,20170725075603.0,20170725075115.0
20170723104544,20170723105145,20170723104628,20170723105144.0,20170723104656.0
20170723121320,20170723122258,20170723121741,20170723122258.0,20170723121809.0
20170724075344,20170724080007,20170724075451,20170724080007.0,20170724075519.0
20170722205042,20170722205826,20170722205310,20170722205825.0,20170722205338.0
20170724080733,20170724081320,20170724080803,20170724081320.0,20170724080831.0
20170724084619,20170724085206,20170724084649,20170724085206.0,20170724084717.0
20170722215433,20170722220211,20170722215654,20170722220211.0,20170722215723.0
20170724092505,20170724093052,20170724092535,20170724093052.0,20170724092603.0
20170724093039,20170724093702,20170724093146,20170724093702.0,20170724093213.0
20170723191754,20170723192419,20170723191902,20170723192418.0,20170723191930.0
20170723220003,20170723220628,20170723220111,20170723220628.0,20170723220139.0
20170725053619,20170725054306,20170725053751,20170725054306.0,20170725053818.0
20170725063636,20170725064416,20170725063901,20170725064416.0,20170725063928.0
20170723090215,20170723090815,20170723090259,20170723090815.0,20170723090327.0
20170724005603,20170724010226,20170724005710,20170724010226.0,20170724005737.0
20170730144314,20170730144914,20170730144358,20170730144913.0,20170730144425.0
20170730144636,20170730145237,20170730144722,20170730145237.0,20170730144749.0
20170730144955,20170730145604,20170730145049,20170730145604.0,20170730145116.0
20170730141819,20170730144012,20170730141953,20170730144011.0,20170730142020.0
20170727101317,20170727102029,20170727101514,20170727102028.0,20170727101541.0
20170727101644,20170727102355,20170727101839,20170727102355.0,20170727101906.0
20170731034423,20170731035616,20170731035100,20170731035615.0,20170731035127.0
20170727102334,20170727103049,20170727102532,20170727103048.0,20170727102600.0
20170727102658,20170727103410,20170727102855,20170727103409.0,20170727102922.0
20170731034801,20170731035446,20170731034930,20170731035445.0,20170731034957.0
20170731035010,20170731040051,20170731035535,20170731040051.0,20170731035603.0
20170723140903,20170723141748,20170723141233,20170723141748.0,20170723141300.0
20170723153700,20170723154625,20170723154109,20170723154625.0,20170723154137.0
20170726120512,20170726121434,20170726120918,20170726121434.0,20170726120946.0
20170726133254,20170726134021,20170726133505,20170726134021.0,20170726133533.0
20166616661666,20170724085123,20170724084606,20170724085122.0,20170724084634.0
20170724094610,20170724095256,20170724094740,20170724095256.0,20170724094808.0
20166616661666,20170724190109,20170724185553,20170724190109.0,20170724185620.0
20170724200607,20170724201253,20170724200738,20170724201253.0,20170724200805.0
20170725074050,20170725074842,20170725074326,20170725074842.0,20170725074354.0
20170725040747,20170725041608,20170725041052,20170725041608.0,20170725041120.0
20170724085152,20170724085817,20170724085300,20170724085817.0,20170724085328.0
20170724091117,20170724091740,20170724091223,20170724091739.0,20170724091251.0
20170724231501,20170724232153,20170724231637,20170724232153.0,20170724231705.0
20170725001610,20170725002258,20170725001742,20170725002257.0,20170725001809.0
20170727021029,20170727021831,20170727021315,20170727021831.0,20170727021343.0
20170727031136,20170727031918,20170727031403,20170727031917.0,20170727031431.0
20170723001910,20170723002510,20170723001954,20170723002510.0,20170723002022.0
20170724134204,20170724134753,20170724134236,20170724134752.0,20170724134304.0
20170723012017,20170723012807,20170723012251,20170723012806.0,20170723012319.0
20170726090138,20170726090726,20170726090209,20170726090726.0,20170726090238.0
20170726120638,20170726121306,20170726120750,20170726121306.0,20170726120818.0
20170730230147,20170730230746,20170730230232,20170730230746.0,20170730230258.0
20170730231609,20170730232208,20170730231654,20170730232208.0,20170730231720.0
20170727124758,20170727125355,20170727124840,20170727125354.0,20170727124907.0
20170730231929,20170730232535,20170730232019,20170730232535.0,20170730232047.0
20170727143301,20170727143958,20170727143444,20170727143958.0,20170727143510.0
20170726204036,20170726204635,20170726204120,20170726204635.0,20170726204147.0
20170726220857,20170726221619,20170726221103,20170726221619.0,20170726221131.0
20170724105503,20170724110103,20170724105547,20170724110102.0,20170724105614.0
20170726091432,20170726092159,20170726091643,20170726092158.0,20170726091711.0
20170724115742,20170724120528,20170724120012,20170724120527.0,20170724120039.0
20170724010209,20170724010836,20170724010320,20170724010836.0,20170724010347.0
20170724034418,20170724035041,20170724034525,20170724035041.0,20170724034553.0
20170723141944,20170723142640,20170723142124,20170723142639.0,20170723142152.0
20170729122443,20170729123307,20170729122751,20170729123306.0,20170729122818.0
20170725061300,20170725062025,20170725061509,20170725062025.0,20170725061536.0
20170729132418,20170729133207,20170729132651,20170729133207.0,20170729132719.0
20170725061509,20170725062205,20170725061649,20170725062204.0,20170725061717.0
20170721052229,20170721052817,20170721052300,20170721052816.0,20170721052328.0
20170725144739,20170725145338,20170725144823,20170725145338.0,20170725144850.0
20170725172303,20170725173022,20170725172506,20170725173022.0,20170725172534.0
20170726001856,20170726002446,20170726001929,20170726002446.0,20170726001957.0
20170726002601,20170726003151,20170726002634,20170726003150.0,20170726002702.0
20170726003304,20170726003854,20170726003336,20170726003853.0,20170726003405.0
20170726183438,20170726184121,20170726183606,20170726184121.0,20170726183633.0
20170726085358,20170726090023,20170726085507,20170726090023.0,20170726085535.0
20170731005410,20170731010012,20170731005456,20170731010012.0,20170731005524.0
20170802123355,20170802124041,20170802123525,20170802124041.0,20170802123553.0
20170726180238,20170726180827,20170726180310,20170726180827.0,20170726180338.0
20170802135719,20170802141615,20170802141059,20170802141615.0,20170802141126.0
20170802140344,20170802142336,20170802141820,20170802142336.0,20170802141848.0
20170726204410,20170726205037,20170726204521,20170726205037.0,20170726204549.0
20170802150953,20170802152949,20170802152433,20170802152948.0,20170802152500.0
20170805035138,20170805035716,20170805035201,20170805035716.0,20170805035229.0
20170802151714,20170802153710,20170802153154,20170802153710.0,20170802153222.0
20170805035839,20170805040420,20170805035903,20170805040419.0,20170805035932.0
20170725070427,20170725071156,20170725070640,20170725071156.0,20170725070708.0
20170805040543,20170805041122,20170805040607,20170805041121.0,20170805040634.0
20170805050323,20170805050929,20170805050413,20170805050928.0,20170805050441.0
20170805050930,20170805051538,20170805051023,20170805051538.0,20170805051051.0
20170729204004,20170729204610,20170729204055,20170729204610.0,20170729204122.0
20170729204308,20170729204955,20170729204440,20170729204954.0,20170729204507.0
20170729204517,20170729205216,20170729204659,20170729205215.0,20170729204727.0
20170729214008,20170729214656,20170729214141,20170729214655.0,20170729214208.0
20170729214218,20170729214846,20170729214330,20170729214846.0,20170729214358.0
20170729214427,20170729215028,20170729214511,20170729215027.0,20170729214539.0
20170729220543,20170729221220,20170729220705,20170729221220.0,20170729220732.0
20170729220751,20170729221610,20170729221055,20170729221609.0,20170729221122.0
20170729221051,20170729221824,20170729221309,20170729221824.0,20170729221336.0
20170805062048,20170805062656,20170805062141,20170805062656.0,20170805062209.0
20170805062819,20170805063358,20170805062843,20170805063358.0,20170805062911.0
20170805063403,20170805064008,20170805063453,20170805064008.0,20170805063521.0
20170802124020,20170802124803,20170802124246,20170802124802.0,20170802124314.0
20170802135044,20170802140853,20170802140338,20170802140853.0,20170802140405.0
20170802150232,20170802152227,20170802151711,20170802152226.0,20170802151738.0
20170726103348,20170726104004,20170726103449,20170726104004.0,20170726103516.0
20170726120148,20170726120828,20170726120312,20170726120828.0,20170726120340.0
20170723072316,20170723073053,20170723072536,20170723073053.0,20170723072605.0
20170723072612,20170723073328,20170723072811,20170723073327.0,20170723072839.0
20170723082139,20170723082914,20170723082358,20170723082914.0,20170723082426.0
20170723082413,20170723083206,20170723082650,20170723083206.0,20170723082718.0
20170726150608,20170726151234,20170726150718,20170726151234.0,20170726150745.0
20170726151348,20170726151936,20170726151420,20170726151936.0,20170726151448.0
20170726151923,20170726152546,20170726152030,20170726152546.0,20170726152058.0
20170804225729,20170804230308,20170804225753,20170804230308.0,20170804225821.0
20170804230431,20170804231010,20170804230455,20170804231009.0,20170804230522.0
20170724195000,20170724195547,20170724195030,20170724195547.0,20170724195058.0
20170804231133,20170804231712,20170804231156,20170804231711.0,20170804231224.0
20170805000909,20170805001514,20170805000959,20170805001514.0,20170805001027.0
20170724231419,20170724232047,20170724231531,20170724232047.0,20170724231558.0
20170805001515,20170805002124,20170805001608,20170805002123.0,20170805001636.0
20170805002246,20170805002826,20170805002311,20170805002825.0,20170805002338.0
20170805012636,20170805013243,20170805012728,20170805013243.0,20170805012756.0
20170805013244,20170805013852,20170805013337,20170805013852.0,20170805013405.0
20170805014015,20170805014555,20170805014039,20170805014554.0,20170805014107.0
20170729073318,20170729074103,20170729073547,20170729074103.0,20170729073615.0
20170718085150,20170718085901,20170718085346,20170718085901.0,20170718085413.0
20170723195429,20170723200114,20170723195558,20170723200114.0,20170723195626.0
20170729083451,20170729084150,20170729083634,20170729084150.0,20170729083702.0
20170723224505,20170723230501,20170723225944,20170723230500.0,20170723230012.0
20170726163822,20170726164411,20170726163854,20170726164410.0,20170726163922.0
20170726164357,20170726165021,20170726164504,20170726165021.0,20170726164532.0
20170726174334,20170726174923,20170726174406,20170726174923.0,20170726174434.0
20170726174909,20170726175534,20170726175016,20170726175534.0,20170726175045.0
20170804085225,20170804085827,20170804085312,20170804085827.0,20170804085339.0
20170804085543,20170804090142,20170804085627,20170804090142.0,20170804085654.0
20170804085904,20170804090519,20170804090002,20170804090518.0,20170804090031.0
20170804034106,20170804034748,20170804034234,20170804034748.0,20170804034301.0
20170804034424,20170804035117,20170804034600,20170804035117.0,20170804034628.0
20170804034747,20170804035508,20170804034953,20170804035508.0,20170804035020.0
20170724205731,20170724210419,20170724205903,20170724210418.0,20170724205931.0
20170718092231,20170718093010,20170718092455,20170718093010.0,20170718092523.0
20170718092509,20170718093313,20170718092756,20170718093312.0,20170718092824.0
20170718092839,20170718093523,20170718093008,20170718093523.0,20170718093035.0
20170803202841,20170803203421,20170803202906,20170803203421.0,20170803202934.0
20170803192516,20170803193307,20170803192751,20170803193307.0,20170803192819.0
20170804045707,20170804050409,20170804045853,20170804050409.0,20170804045921.0
20170803192750,20170803193646,20170803193132,20170803193646.0,20170803193158.0
20170804045915,20170804050655,20170804050140,20170804050655.0,20170804050207.0
20170803194257,20170803195124,20170803194609,20170803195123.0,20170803194636.0
20170804050125,20170804050919,20170804050403,20170804050919.0,20170804050431.0
20170804052721,20170804053320,20170804052805,20170804053320.0,20170804052832.0
20170804053038,20170804053643,20170804053126,20170804053643.0,20170804053155.0
20170801161819,20170801163006,20170801162451,20170801163005.0,20170801162518.0
20170804053359,20170804054011,20170804053456,20170804054011.0,20170804053523.0
20170801163612,20170801164444,20170801163929,20170801164443.0,20170801163956.0
20170804063803,20170804064450,20170804063934,20170804064450.0,20170804064002.0
20170804064118,20170804064838,20170804064323,20170804064838.0,20170804064350.0
20170804064455,20170804065143,20170804064627,20170804065143.0,20170804064655.0
20170724220336,20170724220926,20170724220409,20170724220925.0,20170724220437.0
20170724221039,20170724221628,20170724221111,20170724221628.0,20170724221139.0
20170724221613,20170724222238,20170724221722,20170724222237.0,20170724221749.0
20170803175104,20170803175745,20170803175130,20170803175745.0,20170803175258.0
20170803175907,20170803180448,20170803175932,20170803180447.0,20170803180000.0
20170724222925,20170724223550,20170724223033,20170724223550.0,20170724223101.0
20170803180451,20170803181058,20170803180543,20170803181058.0,20170803180611.0
20170724223532,20170724224200,20170724223644,20170724224200.0,20170724223711.0
20170803190652,20170803191233,20170803190718,20170803191233.0,20170803190746.0
20170803191355,20170803191936,20170803191420,20170803191935.0,20170803191448.0
20170803192057,20170803192637,20170803192122,20170803192637.0,20170803192150.0
20170729122653,20170729123337,20170729122822,20170729123337.0,20170729122849.0
20170803203542,20170803204125,20170803203608,20170803204125.0,20170803203638.0
20170803204246,20170803204827,20170803204312,20170803204827.0,20170803204340.0
20170729122953,20170729123804,20170729123249,20170729123803.0,20170729123316.0
20170729123202,20170729123942,20170729123427,20170729123942.0,20170729123454.0
20170729123411,20170729124157,20170729123641,20170729124157.0,20170729123709.0
20170729123620,20170729124523,20170729124008,20170729124523.0,20170729124035.0
20170805093233,20170805093827,20170805093316,20170805093827.0,20170805093339.0
20170801180210,20170801180810,20170801180254,20170801180810.0,20170801180322.0
20170805093536,20170805094132,20170805093621,20170805094132.0,20170805093644.0
20170725065626,20170725070434,20170725065918,20170725070434.0,20170725065946.0
20170724210623,20170724211403,20170724210847,20170724211403.0,20170724210915.0
20170805093841,20170805094510,20170805093959,20170805094510.0,20170805094022.0
20170805160503,20170805161144,20170805160634,20170805161144.0,20170805160657.0
20170805160806,20170805161507,20170805160957,20170805161507.0,20170805161019.0
20170805171619,20170805172349,20170805171841,20170805172349.0,20170805171903.0
20170805171913,20170805172608,20170805172057,20170805172608.0,20170805172120.0
20170805174631,20170805175340,20170805174830,20170805175340.0,20170805174852.0
20170805174933,20170805175610,20170805175059,20170805175610.0,20170805175122.0
20170726150447,20170726151211,20170726150655,20170726151211.0,20170726150723.0
20170724165747,20170724170334,20170724165817,20170724170334.0,20170724165845.0
20170724194046,20170724194633,20170724194116,20170724194633.0,20170724194144.0
20170718085401,20170718090034,20170718085518,20170718090034.0,20170718085546.0
20170718085911,20170718090621,20170718090105,20170718090621.0,20170718090133.0
20170805071043,20170805071636,20170805071126,20170805071636.0,20170805071148.0
20170805071634,20170805072318,20170805071809,20170805072317.0,20170805071831.0
20170805072226,20170805072916,20170805072406,20170805072916.0,20170805072429.0
20170725183329,20170725183920,20170725183402,20170725183919.0,20170725183431.0
20170725211635,20170725212225,20170725211708,20170725212224.0,20170725211736.0
20170804130603,20170804131331,20170804130814,20170804131330.0,20170804130842.0
20170804175010,20170804175550,20170804175034,20170804175549.0,20170804175102.0
20170804130906,20170804131653,20170804131137,20170804131652.0,20170804131205.0
20170804175712,20170804180251,20170804175736,20170804180251.0,20170804175804.0
20170804134418,20170804135012,20170804134502,20170804135012.0,20170804134524.0
20170804180414,20170804180954,20170804180438,20170804180953.0,20170804180506.0
20170804134720,20170804135316,20170804134805,20170804135316.0,20170804134828.0
20170804185608,20170804190147,20170804185631,20170804190146.0,20170804185659.0
20170804143041,20170804143719,20170804143209,20170804143718.0,20170804143231.0
20170804190152,20170804190758,20170804190243,20170804190758.0,20170804190311.0
20170804143345,20170804144022,20170804143511,20170804144022.0,20170804143534.0
20170804190759,20170804191407,20170804190852,20170804191407.0,20170804190919.0
20170804201918,20170804202523,20170804202008,20170804202523.0,20170804202035.0
20170731021600,20170731022200,20170731021644,20170731022200.0,20170731021712.0
20170804202524,20170804203132,20170804202617,20170804203132.0,20170804202645.0
20170804203255,20170804203834,20170804203319,20170804203834.0,20170804203347.0
20170728142913,20170728143514,20170728142959,20170728143514.0,20170728143026.0
20170728172308,20170728173058,20170728172543,20170728173058.0,20170728172610.0
20170804175920,20170804180602,20170804180053,20170804180602.0,20170804180115.0
20170804180224,20170804180944,20170804180433,20170804180943.0,20170804180455.0
20170804180527,20170804181200,20170804180650,20170804181200.0,20170804180713.0
20170727095401,20170727095958,20170727095443,20170727095957.0,20170727095510.0
20170727095712,20170727100316,20170727095800,20170727100316.0,20170727095828.0
20170725205314,20170725210816,20170725205433,NA,NA
20170727100028,20170727100648,20170727100133,20170727100647.0,20170727100200.0
20170727100339,20170727101009,20170727100453,20170727101009.0,20170727100521.0
20170727100653,20170727101338,20170727100824,20170727101338.0,20170727100850.0
20170729125732,20170729130509,20170729125953,20170729130509.0,20170729130021.0
20170727101022,20170727101702,20170727101146,20170727101702.0,20170727101214.0
20170729132133,20170729132923,20170729132408,20170729132923.0,20170729132436.0
20170724195702,20170724200249,20170724195732,20170724200249.0,20170724195801.0
20170804230953,20170804231545,20170804231036,20170804231545.0,20170804231058.0
20170724200405,20170724200952,20170724200435,20170724200952.0,20170724200503.0
20170804231255,20170804231853,20170804231342,20170804231853.0,20170804231405.0
20170724200939,20170724201602,20170724201046,20170724201602.0,20170724201114.0
20170805002243,20170805002934,20170805002424,20170805002933.0,20170805002446.0
20170724201718,20170724202305,20170724201748,20170724202304.0,20170724201816.0
20170805002547,20170805003226,20170805002714,20170805003225.0,20170805002737.0
20170724202252,20170724202915,20170724202358,20170724202915.0,20170724202426.0
20170725041015,20170725041741,20170725041225,20170725041741.0,20170725041253.0
20170724202859,20170724203525,20170724203009,20170724203525.0,20170724203037.0
20170724203642,20170724204228,20170724203711,20170724204228.0,20170724203740.0
20170725051139,20170725052019,20170725051503,20170725052018.0,20170725051530.0
20170724204216,20170724204838,20170724204322,20170724204838.0,20170724204350.0
20170724204823,20170724205448,20170724204932,20170724205448.0,20170724205000.0
20170715132228,20170715132943,20170715132428,20170715132943.0,20170715132455.0
20170724205604,20170724210151,20170724205634,20170724210150.0,20170724205702.0
20170715142359,20170715143118,20170715142603,20170715143118.0,20170715142630.0
20170724210139,20170724210801,20170724210244,20170724210800.0,20170724210312.0
20170724210746,20170724211411,20170724210854,20170724211411.0,20170724210922.0
20170724215634,20170724220223,20170724215707,20170724220223.0,20170724215735.0
20170728143935,20170728144710,20170728144154,20170728144710.0,20170728144222.0
20170726030859,20170726031448,20170726030931,20170726031448.0,20170726030959.0
20170726054936,20170726055601,20170726055045,20170726055601.0,20170726055113.0
20170730125517,20170730130205,20170730125649,20170730130204.0,20170730125716.0
20170729171248,20170729171935,20170729171419,20170729171935.0,20170729171447.0
20170801075718,20170801080431,20170801075916,20170801080431.0,20170801075944.0
20170801092220,20170801093001,20170801092445,20170801093001.0,20170801092513.0
20170731061910,20170731062600,20170731062044,20170731062559.0,20170731062111.0
20170721035055,20170721035643,20170721035127,20170721035643.0,20170721035155.0
20170731003701,20170731004415,20170731003900,20170731004415.0,20170731003927.0
20170721063313,20170721063937,20170721063421,20170721063937.0,20170721063449.0
20170729193642,20170729194403,20170729193849,20170729194403.0,20170729193916.0
20170729203756,20170729204451,20170729203934,20170729204450.0,20170729204002.0
20170727160517,20170727161142,20170727160626,20170727161142.0,20170727160653.0
20170727210410,20170727211113,20170727210556,20170727211112.0,20170727210624.0
20170727211408,20170727212423,20170727211909,20170727212423.0,20170727211935.0
20170724214235,20170724214835,20170724214319,20170724214834.0,20170724214346.0
20170726221223,20170726222051,20170726221535,20170726222051.0,20170726221603.0
20170724231252,20170724231939,20170724231423,20170724231939.0,20170724231451.0
20170727003853,20170727004452,20170727003937,20170727004452.0,20170727004004.0
20170724120005,20170724120800,20170724120244,20170724120800.0,20170724120312.0
20170724133039,20170724133752,20170724133236,20170724133752.0,20170724133304.0
20170726205735,20170726210323,20170726205806,20170726210323.0,20170726205835.0
20170726233902,20170726234529,20170726234013,20170726234529.0,20170726234041.0
20170725191229,20170725191858,20170725191341,20170725191858.0,20170725191409.0
20170725192546,20170725193212,20170725192655,20170725193212.0,20170725192723.0
20170805171401,20170805172520,20170805172009,20170805172520.0,20170805172032.0
20170805174402,20170805175520,20170805175010,20170805175520.0,20170805175032.0
20170804101920,20170804102644,20170804102128,20170804102644.0,20170804102156.0
20170730194307,20170730211618,20170730194508,20170730211618.0,20170730194535.0
20170804102249,20170804103000,20170804102444,20170804102959.0,20170804102511.0
20170804102601,20170804103249,20170804102733,20170804103249.0,20170804102801.0
20170804101559,20170804102309,20170804101754,20170804102309.0,20170804101821.0
20170803175920,20170803180707,20170803180151,20170803180707.0,20170803180219.0
20170803185857,20170803190604,20170803190048,20170803190604.0,20170803190116.0
20170801221552,20170801222319,20170801221804,20170801222318.0,20170801221831.0
20170731033459,20170731034150,20170731033634,20170731034150.0,20170731033702.0
20170801231314,20170801232124,20170801231609,20170801232124.0,20170801231636.0
20170801142151,20170801143026,20170801142512,20170801143026.0,20170801142539.0
20170730135600,20170730140253,20170730135739,20170730140253.0,20170730135806.0
20170730152108,20170730152739,20170730152224,20170730152739.0,20170730152251.0
20170805045738,20170805050318,20170805045802,20170805050318.0,20170805045831.0
20170803190158,20170803191002,20170803190448,20170803191002.0,20170803190514.0
20170803200238,20170803201008,20170803200451,20170803201007.0,20170803200519.0
20170804075056,20170804075655,20170804075140,20170804075654.0,20170804075207.0
20170804100831,20170804101531,20170804101015,20170804101531.0,20170804101043.0
20170805011010,20170805011725,20170805011214,20170805011724.0,20170805011237.0
20170805011313,20170805012026,20170805011515,20170805012025.0,20170805011537.0
20170804065148,20170804065836,20170804065320,20170804065836.0,20170804065348.0
20170805011648,20170805012325,20170805011814,20170805012325.0,20170805011837.0
20170730152320,20170730153018,20170730152502,20170730153017.0,20170730152530.0
20170731224226,20170731225001,20170731224447,20170731225001.0,20170731224514.0
20170729214636,20170729215414,20170729214900,20170729215414.0,20170729214926.0
20170805033520,20170805034156,20170805033646,20170805034156.0,20170805033708.0
20170805111322,20170805112033,20170805111522,20170805112033.0,20170805111545.0
20170802033959,20170802034559,20170802034043,20170802034559.0,20170802034111.0
20170802043953,20170802044908,20170802044352,20170802044907.0,20170802044419.0
20170729224853,20170729225453,20170729224937,20170729225453.0,20170729225005.0
20170802005355,20170802010029,20170802005514,20170802010029.0,20170802005541.0
20170805161110,20170805161742,20170805161232,20170805161742.0,20170805161255.0
20170729235252,20170730000100,20170729235544,20170730000100.0,20170729235612.0
20170805171410,20170805172008,20170805171457,20170805172007.0,20170805171520.0
20170802015446,20170802020206,20170802015652,20170802020206.0,20170802015719.0
20170805033221,20170805033900,20170805033349,20170805033900.0,20170805033412.0
20170805174328,20170805175010,20170805174459,20170805175010.0,20170805174521.0
20170805042359,20170805043055,20170805042544,20170805043054.0,20170805042607.0
20170805042719,20170805043426,20170805042915,20170805043426.0,20170805042938.0
20170805043051,20170805043738,20170805043227,20170805043737.0,20170805043249.0
20170724181533,20170724182159,20170724181642,20170724182159.0,20170724181710.0
20170730093032,20170730093629,20170730093114,20170730093628.0,20170730093141.0
20170730112539,20170730113201,20170730112645,20170730113201.0,20170730112712.0
20170729225212,20170729225857,20170729225342,20170729225857.0,20170729225410.0
20170729225532,20170729230144,20170729225628,20170729230144.0,20170729225656.0
20170729225849,20170729230615,20170729230101,20170729230615.0,20170729230128.0
20170729230208,20170729230836,20170729230320,20170729230836.0,20170729230347.0
20166616661666,20170729231304,20170729230750,20170729231304.0,20170729230817.0
20170729230743,20170729231443,20170729230927,20170729231442.0,20170729230954.0
20170729231003,20170729231653,20170729231137,20170729231653.0,20170729231205.0
20170804234825,20170804235419,20170804234908,20170804235419.0,20170804234931.0
20170729231220,20170729232023,20170729231508,20170729232022.0,20170729231535.0
20170804235130,20170804235726,20170804235215,20170804235726.0,20170804235238.0
20170729231435,20170729232207,20170729231651,20170729232207.0,20170729231719.0
20170805000042,20170805000745,20170805000234,20170805000745.0,20170805000257.0
20170805000346,20170805001053,20170805000542,20170805001052.0,20170805000605.0
20170729231654,20170729232414,20170729231858,20170729232414.0,20170729231926.0
20170729231910,20170729232741,20170729232227,20170729232741.0,20170729232254.0
20170729232129,20170729232814,20170729232258,20170729232814.0,20170729232326.0
20170729232343,20170729233136,20170729232619,20170729233135.0,20170729232647.0
20170729232602,20170729233421,20170729232905,20170729233420.0,20170729232933.0
20170729232817,20170729233631,20170729233116,20170729233630.0,20170729233143.0
20170729233145,20170729233857,20170729233340,20170729233857.0,20170729233408.0
20170729233356,20170729234028,20170729233512,20170729234027.0,20170729233539.0
20170729233605,20170729234349,20170729233834,20170729234349.0,20170729233902.0
20170729233814,20170729234618,20170729234102,20170729234618.0,20170729234130.0
20170804234948,20170804235554,20170804235039,20170804235553.0,20170804235107.0
20170806184100,20170806184922,20170806184411,20170806184922.0,20170806184434.0
20170806184309,20170806185003,20170806184451,20170806185002.0,20170806184514.0
20170806184615,20170806185235,20170806184724,20170806185234.0,20170806184747.0
20170730153322,20170730154034,20170730153518,20170730154033.0,20170730153546.0
20170801143905,20170801144506,20170801143950,20170801144506.0,20170801144017.0
20170801144113,20170801144759,20170801144245,20170801144758.0,20170801144311.0
20170801144325,20170801145018,20170801144501,20170801145017.0,20170801144529.0
20170801153316,20170801154141,20170801153625,20170801154141.0,20170801153653.0
20170801153534,20170801154305,20170801153749,20170801154305.0,20170801153817.0
20170801153811,20170801154615,20170801154100,20170801154615.0,20170801154127.0
20170806050836,20170806051514,20170806051004,20170806051514.0,20170806051027.0
20170806053940,20170806054635,20170806054124,20170806054635.0,20170806054147.0
20170806045038,20170806045720,20170806045210,20170806045720.0,20170806045233.0
20170806221333,20170806222014,20170806221503,20170806222014.0,20170806221526.0
20170806221636,20170806222231,20170806221720,20170806222231.0,20170806221743.0
20166616661666,20170806222657,20170806222147,20170806222657.0,20170806222209.0
20170724134740,20170724135403,20170724134846,20170724135402.0,20170724134914.0
20170724163017,20170724163605,20170724163048,20170724163604.0,20170724163116.0
20170806121058,20170806121651,20170806121140,20170806121651.0,20170806121203.0
20170727143618,20170727144259,20170727143743,20170727144259.0,20170727143811.0
20170727143956,20170727144649,20170727144134,20170727144649.0,20170727144201.0
20170727144310,20170727144953,20170727144437,20170727144952.0,20170727144504.0
20170807155659,20170807160253,20170807155742,20170807160253.0,20170807155805.0
20170807160249,20170807160938,20170807160427,20170807160938.0,20170807160450.0
20170807160844,20170807161539,20170807161028,20170807161538.0,20170807161051.0
20170806032857,20170806033553,20170806033042,20170806033553.0,20170806033105.0
20170723034911,20170723035535,20170723035020,20170723035535.0,20170723035048.0
20170723055125,20170723055905,20170723055349,20170723055904.0,20170723055416.0
20170805060735,20170805061424,20170805060912,20170805061424.0,20170805060936.0
20170805093840,20170805094631,20170805094121,20170805094630.0,20170805094143.0
20170805072744,20170805073445,20170805072933,20170805073445.0,20170805072957.0
20170807035740,20170807040806,20170807040254,20170807040805.0,20170807040317.0
20170806111313,20170806112033,20170806111522,20170806112033.0,20170806111546.0
20170724151116,20170724151742,20170724151225,20170724151741.0,20170724151253.0
20170806114023,20170806114616,20170806114106,20170806114616.0,20170806114128.0
20170807040253,20170807041014,20170807040503,20170807041014.0,20170807040525.0
20170806114439,20170806115121,20170806114610,20170806115121.0,20170806114633.0
20170807040501,20170807041405,20170807040854,20170807041404.0,20170807040916.0
20170802192343,20170802192943,20170802192427,20170802192942.0,20170802192455.0
20170802202447,20170802203239,20170802202723,20170802203239.0,20170802202751.0
20170730153137,20170730153850,20170730153334,20170730153850.0,20170730153402.0
20170730174214,20170730174930,20170730174415,20170730174929.0,20170730174442.0
20170808122424,20170808123120,20170808122608,20170808123119.0,20170808122631.0
20170808123025,20170808123720,20170808123209,20170808123720.0,20170808123231.0
20170808123618,20170808124322,20170808123811,20170808124322.0,20170808123834.0
20170804063430,20170804064147,20170804063632,20170804064147.0,20170804063700.0
20170801165057,20170801165852,20170801165336,20170801165852.0,20170801165404.0
20170809022039,20170809022716,20170809022204,20170809022715.0,20170809022227.0
20170801170748,20170801171430,20170801170914,20170801171430.0,20170801170942.0
20170809022341,20170809023029,20170809022519,20170809023029.0,20170809022541.0
20170809022647,20170809023358,20170809022848,20170809023358.0,20170809022910.0
20170807173743,20170807174541,20170807174031,20170807174541.0,20170807174053.0
20170808014056,20170808014649,20170808014138,20170808014649.0,20170808014201.0
20170807063646,20170807064239,20170807063728,20170807064239.0,20170807063751.0
20170807070422,20170807071111,20170807070600,20170807071111.0,20170807070623.0
20170807073223,20170807073947,20170807073436,20170807073947.0,20170807073459.0
20170808135929,20170808140726,20170808140215,20170808140726.0,20170808140238.0
20170806095810,20170806100452,20170806095941,20170806100452.0,20170806100004.0
20170806100019,20170806100651,20170806100140,20170806100650.0,20170806100202.0
20170806100227,20170806100908,20170806100357,20170806100908.0,20170806100420.0
20170804194253,20170804195016,20170804194507,20170804195016.0,20170804194529.0
20170804114429,20170804115136,20170804114620,20170804115136.0,20170804114648.0
20170803192641,20170803193247,20170803192732,20170803193247.0,20170803192759.0
20170801175519,20170801180119,20170801175603,20170801180118.0,20170801175630.0
20170807042807,20170807043902,20170807043352,20170807043902.0,20170807043414.0
20170801185738,20170801191006,20170801190452,20170801191006.0,20170801190519.0
20170730140234,20170730140943,20170730140429,20170730140943.0,20170730140456.0
20170730145707,20170730150425,20170730145911,20170730150425.0,20170730145937.0
20170730150357,20170730151115,20170730150601,20170730151115.0,20170730150627.0
20170730151744,20170730152455,20170730151941,20170730152455.0,20170730152007.0
20170809193624,20170809194314,20170809193803,20170809194313.0,20170809193826.0
20170809194218,20170809194915,20170809194403,20170809194914.0,20170809194426.0
20170721035757,20170721040346,20170721035829,20170721040346.0,20170721035857.0
20170809194811,20170809195515,20170809195004,20170809195515.0,20170809195027.0
20170721051447,20170721052115,20170721051559,20170721052114.0,20170721051626.0
20170721062739,20170721063327,20170721062811,20170721063327.0,20170721062838.0
20170805190806,20170805191924,20170805191414,20170805191924.0,20170805191436.0
20170805213814,20170805214935,20170805214422,20170805214934.0,20170805214446.0
20170807101728,20170807102544,20170807102033,20170807102544.0,20170807102056.0
20170807012401,20170807013148,20170807012638,20170807013147.0,20170807012700.0
20170807102032,20170807102705,20170807102154,20170807102705.0,20170807102217.0
20170808203030,20170808203829,20170808203319,20170808203829.0,20170808203341.0
20170808203238,20170808204430,20170808203919,20170808204430.0,20170808203942.0
20170808203601,20170808204304,20170808203754,20170808204304.0,20170808203816.0
20170808204524,20170808205503,20170808204952,20170808205502.0,20170808205014.0
20170804103027,20170804103629,20170804103112,20170804103628.0,20170804103140.0
20170807012700,20170807013422,20170807012911,20170807013421.0,20170807012933.0
20170807012908,20170807013624,20170807013113,20170807013623.0,20170807013135.0
20170804130114,20170804131231,20170804130716,20170804131231.0,20170804130744.0
20170810094351,20170810095330,20170810094819,20170810095330.0,20170810094842.0
20170810094945,20170810095931,20170810095420,20170810095930.0,20170810095442.0
20170805224135,20170805224730,20170805224218,20170805224729.0,20170805224241.0
20170810095538,20170810100531,20170810100020,20170810100530.0,20170810100042.0
20170810110018,20170810111135,20170810110625,20170810111135.0,20170810110647.0
20170806004402,20170806005037,20170806004525,20170806005036.0,20170806004548.0
20170810110618,20170810111736,20170810111225,20170810111735.0,20170810111247.0
20170810111219,20170810112337,20170810111825,20170810112337.0,20170810111848.0
20170809150400,20170809151055,20170809150544,20170809151055.0,20170809150607.0
20170810115151,20170810120227,20170810115716,20170810120226.0,20170810115738.0
20170809150706,20170809151347,20170809150836,20170809151347.0,20170809150859.0
20170810115734,20170810120827,20170810120316,20170810120827.0,20170810120339.0
20170810120328,20170810121428,20170810120917,20170810121428.0,20170810120939.0
20170809151008,20170809151656,20170809151145,20170809151656.0,20170809151208.0
20170809232814,20170809233502,20170809232951,20170809233502.0,20170809233014.0
20170809233407,20170809234102,20170809233551,20170809234102.0,20170809233614.0
20170809233959,20170809234702,20170809234151,20170809234702.0,20170809234214.0
20170802083728,20170802085002,20170802084446,20170802085002.0,20170802084514.0
20170802100847,20170802102121,20170802101605,20170802102121.0,20170802101633.0
20170804145452,20170804150049,20170804145537,20170804150048.0,20170804145600.0
20170804163740,20170804164507,20170804163956,20170804164507.0,20170804164019.0
20170808181330,20170808182010,20170808181459,20170808182010.0,20170808181522.0
20170807170945,20170807171644,20170807171133,20170807171643.0,20170807171155.0
20170808181920,20170808182609,20170808182059,20170808182609.0,20170808182121.0
20170808182516,20170808183208,20170808182658,20170808183208.0,20170808182720.0
20170807171310,20170807172005,20170807171454,20170807172005.0,20170807171517.0
20170808184848,20170808185605,20170808185054,20170808185604.0,20170808185116.0
20170807171616,20170807172327,20170807171816,20170807172327.0,20170807171839.0
20170810042047,20170810042939,20170810042428,20170810042939.0,20170810042451.0
20170811175656,20170811180456,20170811175945,20170811180456.0,20170811180008.0
20170810045646,20170810050535,20170810050024,20170810050534.0,20170810050046.0
20170811180258,20170811181057,20170811180546,20170811181056.0,20170811180608.0
20170810054441,20170810055330,20170810054819,20170810055329.0,20170810054842.0
20170811180857,20170811181657,20170811181146,20170811181656.0,20170811181208.0
20170810062631,20170810063314,20170810062803,20170810063314.0,20170810062826.0
20170811190903,20170811191702,20170811191151,20170811191702.0,20170811191214.0
20170810065030,20170810065649,20170810065138,20170810065649.0,20170810065201.0
20170803092414,20170803093153,20170803092637,20170803093153.0,20170803092705.0
20170811201507,20170811202308,20170811201757,20170811202308.0,20170811201820.0
20170811202109,20170811202909,20170811202358,20170811202908.0,20170811202420.0
20170811202710,20170811203509,20170811202958,20170811203508.0,20170811203021.0
20170809050147,20170809050946,20170809050435,20170809050945.0,20170809050457.0
20170802085523,20170802090752,20170802090238,20170802090752.0,20170802090304.0
20170802085932,20170802091205,20170802090649,20170802091205.0,20170802090717.0
20170802090242,20170802091511,20170802090956,20170802091511.0,20170802091023.0
20170805054412,20170805055122,20170805054612,20170805055122.0,20170805054635.0
20170801211238,20170801212000,20170801211445,20170801212000.0,20170801211512.0
20170801221224,20170801222007,20170801221452,20170801222007.0,20170801221519.0
20170806032216,20170806032910,20170806032400,20170806032910.0,20170806032422.0
20170806043806,20170806044431,20170806043919,20170806044431.0,20170806043943.0
20170803193533,20170803194405,20170803193850,20170803194405.0,20170803193917.0
20170803195821,20170803200559,20170803200045,20170803200559.0,20170803200112.0
20170804052240,20170804052840,20170804052324,20170804052840.0,20170804052352.0
20170804064536,20170804065244,20170804064728,20170804065244.0,20170804064756.0
20170804110319,20170804110946,20170804110431,20170804110946.0,20170804110458.0
20170802213129,20170802213916,20170802213400,20170802213915.0,20170802213428.0
20170810145953,20170810150748,20170810150237,20170810150748.0,20170810150300.0
20170810151141,20170810151950,20170810151439,20170810151950.0,20170810151502.0
20170810153518,20170810154207,20170810153656,20170810154206.0,20170810153718.0
20170805205907,20170805210605,20170805210055,20170805210604.0,20170805210117.0
20170805221502,20170805222209,20170805221658,20170805222209.0,20170805221721.0
20170807085526,20170807090319,20170807085808,20170807090318.0,20170807085831.0
20170807085756,20170807090743,20170807090232,20170807090743.0,20170807090255.0
20170810150549,20170810151350,20170810150838,20170810151349.0,20170810150901.0
20170730174547,20170730175232,20170730174716,20170730175232.0,20170730174744.0
20170730174905,20170730175620,20170730175105,20170730175620.0,20170730175132.0
20170730180243,20170730181000,20170730180446,20170730180959.0,20170730180512.0
20170730180618,20170730181312,20170730180755,20170730181312.0,20170730180824.0
20170804233408,20170804234106,20170804233556,20170804234106.0,20170804233619.0
20170805000431,20170805001140,20170805000630,20170805001140.0,20170805000653.0
20170805164759,20170805165352,20170805164842,20170805165352.0,20170805164904.0
20170805190206,20170805191324,20170805190814,20170805191324.0,20170805190836.0
20170806194118,20170806194925,20170806194414,20170806194925.0,20170806194437.0
20170807022800,20170807023526,20170807023015,20170807023526.0,20170807023037.0
20170807035532,20170807040206,20170807035655,20170807040206.0,20170807035718.0
20170806140326,20170806140920,20170806140409,20170806140919.0,20170806140432.0
20170806160202,20170806160805,20170806160254,20170806160805.0,20170806160317.0
20170811032035,20170811032820,20170811032309,20170811032819.0,20170811032332.0
20170806164054,20170806164651,20170806164140,20170806164651.0,20170806164203.0
20170806164305,20170806164946,20170806164435,20170806164946.0,20170806164458.0
20170806164605,20170806165158,20170806164648,20170806165158.0,20170806164710.0
20170806071832,20170806072427,20170806071915,20170806072426.0,20170806071938.0
20170806173244,20170806173900,20170806173349,20170806173900.0,20170806173412.0
20170804191530,20170804192109,20170804191554,20170804192109.0,20170804191622.0
20170806173453,20170806174302,20170806173751,20170806174302.0,20170806173814.0
20170806083713,20170806084349,20170806083838,20170806084348.0,20170806083900.0
20170806173822,20170806174501,20170806173951,20170806174501.0,20170806174013.0
20170806053319,20170806054035,20170806053524,20170806054035.0,20170806053547.0
20166616661666,20170802045228,20170802044714,20170802045228.0,20170802044741.0
20170806065309,20170806070020,20170806065509,20170806070020.0,20170806065532.0
20170802070034,20170802071055,20170802070541,20170802071055.0,20170802070607.0
20170810233126,20170810234232,20170810233721,20170810234232.0,20170810233744.0
20170810233725,20170810234833,20170810234322,20170810234833.0,20170810234345.0
20170805025809,20170805030446,20170805025935,20170805030446.0,20170805025958.0
20170810234325,20170810235433,20170810234922,20170810235432.0,20170810234944.0
20170806084014,20170806084731,20170806084219,20170806084730.0,20170806084242.0
20170806095602,20170806100225,20170806095713,20170806100224.0,20170806095736.0
20170806105945,20170806110652,20170806110142,20170806110652.0,20170806110204.0
20170806115919,20170806120559,20170806120049,20170806120559.0,20170806120111.0
20170806120127,20170806120804,20170806120253,20170806120803.0,20170806120316.0
20170727160147,20170727160853,20170727160338,20170727160852.0,20170727160405.0
20170806125759,20170806130416,20170806125905,20170806130415.0,20170806125928.0
20170810220014,20170810220739,20170810220229,20170810220739.0,20170810220251.0
20170810220314,20170810221102,20170810220551,20170810221102.0,20170810220614.0
20170810220641,20170810221338,20170810220828,20170810221338.0,20170810220850.0
20170806062433,20170806063130,20170806062619,20170806063130.0,20170806062642.0
20170806062750,20170806063455,20170806062944,20170806063454.0,20170806063007.0
20170806232113,20170806232935,20170806232424,20170806232935.0,20170806232447.0
20170807002000,20170807002818,20170807002308,20170807002817.0,20170807002330.0
20170802062044,20170802065108,20170802062138,20170802062654.0,20170802062206.0
20170807201121,20170807201922,20170807201411,20170807201922.0,20170807201434.0
20170807213300,20170807214423,20170807213912,20170807214423.0,20170807213935.0
20170807111726,20170807112435,20170807111925,20170807112435.0,20170807111947.0
20170807123751,20170807124457,20170807123946,20170807124456.0,20170807124009.0
20170810165036,20170810171000,20170810170443,20170810171000.0,20170810170512.0
20170810171002,20170810171610,20170810171054,20170810171610.0,20170810171122.0
20170810171610,20170810172220,20170810171704,20170810172220.0,20170810171732.0
20170810172219,20170810172831,20170810172314,20170810172831.0,20170810172342.0
20170810172830,20170810173441,20170810172924,20170810173441.0,20170810172952.0
20170810173439,20170810174051,20170810173535,20170810174051.0,20170810173602.0
20170805225255,20170805225958,20170805225448,20170805225958.0,20170805225510.0
20170805234253,20170805234952,20170805234441,20170805234952.0,20170805234504.0
20170810081521,20170810082626,20170810082116,20170810082626.0,20170810082138.0
20170810090922,20170810092028,20170810091517,20170810092027.0,20170810091539.0
20170806061454,20170806062129,20170806061618,20170806062129.0,20170806061641.0
20170811043541,20170811044307,20170811043757,20170811044307.0,20170811043819.0
20170811050244,20170811051028,20170811050517,20170811051027.0,20170811050539.0
20170811053233,20170811054030,20170811053519,20170811054029.0,20170811053541.0
20170804141802,20170804142438,20170804141928,20170804142438.0,20170804141950.0
20170810102122,20170810103229,20170810102718,20170810103229.0,20170810102741.0
20170810102722,20170810103829,20170810103318,20170810103829.0,20170810103341.0
20170810103322,20170810104429,20170810103918,20170810104429.0,20170810103941.0
20170810180530,20170810181142,20170810180625,20170810181142.0,20170810180653.0
20170810181141,20170810181752,20170810181236,20170810181752.0,20170810181303.0
20170810181752,20170810182403,20170810181846,20170810182403.0,20170810181914.0
20170810192727,20170810193340,20170810192823,20170810193340.0,20170810192851.0
20170810193510,20170810194042,20170810193526,20170810194042.0,20170810193554.0
20170808145332,20170808150130,20170808145619,20170808150130.0,20170808145641.0
20170806165024,20170806165705,20170806165154,20170806165704.0,20170806165217.0
20170806171438,20170806172119,20170806171608,20170806172119.0,20170806171631.0
20170807184527,20170807185121,20170807184609,20170807185120.0,20170807184632.0
20170807200912,20170807201625,20170807201114,20170807201624.0,20170807201136.0
20170809034055,20170809034810,20170809034259,20170809034809.0,20170809034322.0
20170807002209,20170807002901,20170807002350,20170807002901.0,20170807002413.0
20170806014108,20170806014819,20170806014309,20170806014819.0,20170806014331.0
20170804193523,20170804194237,20170804193727,20170804194237.0,20170804193749.0
20170806031940,20170806032626,20170806032116,20170806032626.0,20170806032138.0
20170804205525,20170804210236,20170804205725,20170804210236.0,20170804205748.0
20170810231754,20170810232530,20170810232019,20170810232530.0,20170810232042.0
20170810232054,20170810232909,20170810232357,20170810232908.0,20170810232420.0
20170810232352,20170810233130,20170810232619,20170810233129.0,20170810232642.0
20170808085221,20170808085859,20170808085347,20170808085858.0,20170808085410.0
20170808101209,20170808101909,20170808101358,20170808101908.0,20170808101421.0
20170811021205,20170811021907,20170811021357,20170811021907.0,20170811021419.0
20170731223601,20170731224243,20170731223729,20170731224243.0,20170731223756.0
20170809005032,20170809005833,20170809005321,20170809005833.0,20170809005345.0
20170801003347,20170801004210,20170801003654,20170801004210.0,20170801003722.0
20170809134410,20170809135041,20170809134529,20170809135040.0,20170809134552.0
20170809032048,20170809032847,20170809032336,20170809032847.0,20170809032359.0
20170809134710,20170809135346,20170809134835,20170809135346.0,20170809134858.0
20170809135015,20170809135723,20170809135213,20170809135723.0,20170809135235.0
20170726030118,20170726030746,20170726030229,20170726030745.0,20170726030257.0
20170808014305,20170808014900,20170808014348,20170808014859.0,20170808014411.0
20170808014858,20170808015545,20170808015034,20170808015545.0,20170808015057.0
20170808000335,20170808000928,20170808000417,20170808000928.0,20170808000440.0
20170810204240,20170810204905,20170810204354,20170810204904.0,20170810204417.0
20170808012048,20170808012727,20170808012216,20170808012727.0,20170808012239.0
20170810214809,20170810215541,20170810215031,20170810215541.0,20170810215053.0
20170811123505,20170811124358,20170811123847,20170811124358.0,20170811123909.0
20170811123839,20170811124554,20170811124043,20170811124554.0,20170811124106.0
20170807052707,20170807053438,20170807052927,20170807053438.0,20170807052950.0
20170811124109,20170811124959,20170811124447,20170811124959.0,20170811124511.0
20170809033250,20170809033939,20170809033428,20170809033939.0,20170809033451.0
20170811134450,20170811135146,20170811134635,20170811135146.0,20170811134658.0
20170809060153,20170809060950,20170809060440,20170809060950.0,20170809060503.0
20170811134713,20170811135609,20170811135058,20170811135608.0,20170811135120.0
20170806174030,20170806174624,20170806174114,20170806174624.0,20170806174136.0
20170811135050,20170811135745,20170811135234,20170811135744.0,20170811135257.0
20170806183852,20170806184519,20170806184008,20170806184519.0,20170806184031.0
20170809053356,20170809054112,20170809053601,20170809054111.0,20170809053623.0
20170809065359,20170809070101,20170809065550,20170809070100.0,20170809065613.0
20170808025936,20170808030613,20170808030101,20170808030612.0,20170808030124.0
20170809005646,20170809010326,20170809005815,20170809010326.0,20170809005838.0
20170809021739,20170809022431,20170809021920,20170809022430.0,20170809021943.0
20170730192535,20170730193212,20170730192657,20170730193212.0,20170730192724.0
20170730211110,20170730211741,20170730211225,20170730211741.0,20170730211253.0
20170808202319,20170808203022,20170808202512,20170808203022.0,20170808202534.0
20170810191915,20170810192511,20170810191959,20170810192510.0,20170810192023.0
20170810203303,20170810204157,20170810203646,20170810204156.0,20170810203709.0
20170807095627,20170807100308,20170807095758,20170807100308.0,20170807095820.0
20170807182542,20170807183341,20170807182830,20170807183341.0,20170807182853.0
20170807073523,20170807074116,20170807073606,20170807074116.0,20170807073628.0
20170731230802,20170731231545,20170731231031,20170731231545.0,20170731231057.0
20170731235002,20170731235649,20170731235134,20170731235648.0,20170731235201.0
20170803123751,20170803124431,20170803123915,20170803124430.0,20170803123942.0
20170803004030,20170803004851,20170803004335,20170803004851.0,20170803004402.0
20170811031809,20170811032433,20170811031923,20170811032433.0,20170811031945.0
20170811032333,20170811033033,20170811032522,20170811033032.0,20170811032544.0
20170811032936,20170811033632,20170811033121,20170811033632.0,20170811033144.0
20170811033600,20170811034316,20170811033804,20170811034315.0,20170811033827.0
20170811034133,20170811034914,20170811034404,20170811034913.0,20170811034426.0
20170811111649,20170811112547,20170811112035,20170811112547.0,20170811112059.0
20170811112029,20170811112803,20170811112252,20170811112802.0,20170811112314.0
20170809232222,20170809232817,20170809232305,20170809232816.0,20170809232328.0
20170811112251,20170811113148,20170811112637,20170811113148.0,20170811112700.0
20170807102639,20170807103304,20170807102753,20170807103304.0,20170807102816.0
